<?xml version="1.0" encoding="UTF-8"?>
<text parent="226" name="21820 Коморовский солидарен с Туском в оценке отчёта МАК" id="1000">
   <tags>
      <tag>url:http://www.chaskor.ru/news/komorovskij_solidaren_s_tuskom_v_otsenke_otcheta_mak_21820</tag>
      <tag>Год:2011</tag>
      <tag>Дата:14/01</tag>
      <tag>Тема:ЧасКор:В мире</tag>
      <tag>Тема:ЧасКор:В мире/Европа</tag>
   </tags>
   <paragraphs>
      <paragraph id="9865">
         <sentence id="30908">
            <source>Коморовский солидарен с Туском в оценке отчёта МАК</source>
            <tokens>
               <token text="Коморовский" id="553738">
                  <tfr rev_id="1386821" t="Коморовский">
                     <v>
                        <l t="коморовский" id="0">
                           <g v="UNKN" />
                        </l>
                     </v>
                  </tfr>
               </token>
               <token text="солидарен" id="553739">
                  <tfr rev_id="1386822" t="солидарен">
                     <v>
                        <l t="солидарен" id="328999">
                           <g v="ADJS" />
                           <g v="Qual" />
                           <g v="masc" />
                           <g v="sing" />
                        </l>
                     </v>
                  </tfr>
               </token>
               <token text="с" id="553740">
                  <tfr rev_id="1386823" t="с">
                     <v>
                        <l t="с" id="311151">
                           <g v="PREP" />
                        </l>
                     </v>
                  </tfr>
               </token>
               <token text="Туском" id="553741">
                  <tfr rev_id="4507175" t="Туском">
                     <v>
                        <l t="туск" id="390933">
                           <g v="NOUN" />
                           <g v="anim" />
                           <g v="masc" />
                           <g v="Sgtm" />
                           <g v="Surn" />
                           <g v="sing" />
                           <g v="ablt" />
                        </l>
                     </v>
                  </tfr>
               </token>
               <token text="в" id="553742">
                  <tfr rev_id="1386825" t="в">
                     <v>
                        <l t="в" id="37409">
                           <g v="PREP" />
                        </l>
                     </v>
                  </tfr>
               </token>
               <token text="оценке" id="553743">
                  <tfr rev_id="3540152" t="оценке">
                     <v>
                        <l t="оценка" id="221498">
                           <g v="NOUN" />
                           <g v="inan" />
                           <g v="femn" />
                           <g v="sing" />
                           <g v="loct" />
                        </l>
                     </v>
                  </tfr>
               </token>
               <token text="отчёта" id="553744">
                  <tfr rev_id="1386827" t="отчёта">
                     <v>
                        <l t="отчёт" id="219980">
                           <g v="NOUN" />
                           <g v="inan" />
                           <g v="masc" />
                           <g v="sing" />
                           <g v="gent" />
                        </l>
                     </v>
                  </tfr>
               </token>
               <token text="МАК" id="553745">
                  <tfr rev_id="4495999" t="МАК">
                     <v>
                        <l t="мак" id="389925">
                           <g v="NOUN" />
                           <g v="inan" />
                           <g v="masc" />
                           <g v="Sgtm" />
                           <g v="Fixd" />
                           <g v="Abbr" />
                           <g v="Orgn" />
                           <g v="sing" />
                           <g v="gent" />
                        </l>
                     </v>
                  </tfr>
               </token>
            </tokens>
         </sentence>
         <sentence id="30909">
            <source>Однако фундаментальных возражений к выводам комиссии у Варшавы нет.</source>
            <tokens>
               <token text="Однако" id="553746">
                  <tfr rev_id="2624489" t="Однако">
                     <v>
                        <l t="однако" id="203386">
                           <g v="INTJ" />
                        </l>
                     </v>
                     <v>
                        <l t="однако" id="203387">
                           <g v="CONJ" />
                           <g v="Prnt" />
                        </l>
                     </v>
                  </tfr>
               </token>
               <token text="фундаментальных" id="553747">
                  <tfr rev_id="4312891" t="фундаментальных">
                     <v>
                        <l t="фундаментальный" id="368633">
                           <g v="ADJF" />
                           <g v="Qual" />
                           <g v="plur" />
                           <g v="gent" />
                        </l>
                     </v>
                  </tfr>
               </token>
               <token text="возражений" id="553748">
                  <tfr rev_id="1386831" t="возражений">
                     <v>
                        <l t="возражение" id="49606">
                           <g v="NOUN" />
                           <g v="inan" />
                           <g v="neut" />
                           <g v="plur" />
                           <g v="gent" />
                        </l>
                     </v>
                  </tfr>
               </token>
               <token text="к" id="553749">
                  <tfr rev_id="1386832" t="к">
                     <v>
                        <l t="к" id="127460">
                           <g v="PREP" />
                        </l>
                     </v>
                  </tfr>
               </token>
               <token text="выводам" id="553750">
                  <tfr rev_id="1386833" t="выводам">
                     <v>
                        <l t="вывод" id="56345">
                           <g v="NOUN" />
                           <g v="inan" />
                           <g v="masc" />
                           <g v="plur" />
                           <g v="datv" />
                        </l>
                     </v>
                  </tfr>
               </token>
               <token text="комиссии" id="553751">
                  <tfr rev_id="4288196" t="комиссии">
                     <v>
                        <l t="комиссия" id="136905">
                           <g v="NOUN" />
                           <g v="inan" />
                           <g v="femn" />
                           <g v="sing" />
                           <g v="gent" />
                        </l>
                     </v>
                  </tfr>
               </token>
               <token text="у" id="553752">
                  <tfr rev_id="3301950" t="у">
                     <v>
                        <l t="у" id="352818">
                           <g v="PREP" />
                        </l>
                     </v>
                  </tfr>
               </token>
	    </tokens>
         </sentence>
      </paragraph>
   </paragraphs>
</text>
