<?xml version="1.0" encoding="utf-8"?><text parent="1988" name="Статья 45. Участие в деле прокурора" id="2000"><tags></tags><paragraphs><paragraph id="16340"><sentence id="48734"><source>Статья 45.</source><tokens><token text="Статья" id="884634"><tfr rev_id="2378270" t="Статья"><v><l t="статья" id="335173"><g v="NOUN"></g><g v="inan"></g><g v="femn"></g><g v="sing"></g><g v="nomn"></g></l></v></tfr></token><token text="45" id="884635"><tfr rev_id="2466905" t="45"><v><l t="45" id="0"><g v="NUMB"></g></l></v></tfr></token><token text="." id="884636"><tfr rev_id="2378272" t="."><v><l t="." id="0"><g v="PNCT"></g></l></v></tfr></token></tokens></sentence><sentence id="48735"><source>Участие в деле прокурора</source><tokens><token text="Участие" id="884637"><tfr rev_id="2378273" t="Участие"><v><l t="участие" id="363132"><g v="NOUN"></g><g v="inan"></g><g v="neut"></g><g v="sing"></g><g v="nomn"></g></l></v><v><l t="участие" id="363132"><g v="NOUN"></g><g v="inan"></g><g v="neut"></g><g v="sing"></g><g v="accs"></g></l></v></tfr></token><token text="в" id="884638"><tfr rev_id="2378274" t="в"><v><l t="в" id="37409"><g v="PREP"></g></l></v></tfr></token><token text="деле" id="884639"><tfr rev_id="2378275" t="деле"><v><l t="дело" id="80628"><g v="NOUN"></g><g v="inan"></g><g v="neut"></g><g v="sing"></g><g v="loct"></g></l></v></tfr></token><token text="прокурора" id="884640"><tfr rev_id="4372475" t="прокурора"><v><l t="прокурор" id="281274"><g v="NOUN"></g><g v="anim"></g><g v="masc"></g><g v="sing"></g><g v="gent"></g></l></v></tfr></token></tokens></sentence></paragraph><paragraph id="16341"><sentence id="48736"><source>1. Прокурор вправе обратиться в суд с заявлением в защиту прав, свобод и законных интересов граждан, неопределенного круга лиц или интересов Российской Федерации, субъектов Российской Федерации, муниципальных образований.</source><tokens><token text="1" id="884641"><tfr rev_id="2466906" t="1"><v><l t="1" id="0"><g v="NUMB"></g></l></v></tfr></token><token text="." id="884642"><tfr rev_id="2378278" t="."><v><l t="." id="0"><g v="PNCT"></g></l></v></tfr></token><token text="Прокурор" id="884643"><tfr rev_id="2378279" t="Прокурор"><v><l t="прокурор" id="281274"><g v="NOUN"></g><g v="anim"></g><g v="masc"></g><g v="sing"></g><g v="nomn"></g></l></v></tfr></token><token text="вправе" id="884644"><tfr rev_id="2378280" t="вправе"><v><l t="вправе" id="52670"><g v="PRED"></g><g v="pres"></g></l></v></tfr></token><token text="обратиться" id="884645"><tfr rev_id="2378281" t="обратиться"><v><l t="обратиться" id="198929"><g v="INFN"></g><g v="perf"></g><g v="intr"></g></l></v></tfr></token><token text="в" id="884646"><tfr rev_id="2378282" t="в"><v><l t="в" id="37409"><g v="PREP"></g></l></v></tfr></token><token text="суд" id="884647"><tfr rev_id="2378283" t="суд"><v><l t="суд" id="338918"><g v="NOUN"></g><g v="inan"></g><g v="masc"></g><g v="sing"></g><g v="nomn"></g></l></v><v><l t="суд" id="338918"><g v="NOUN"></g><g v="inan"></g><g v="masc"></g><g v="sing"></g><g v="accs"></g></l></v></tfr></token><token text="с" id="884648"><tfr rev_id="2378284" t="с"><v><l t="с" id="311151"><g v="PREP"></g></l></v></tfr></token><token text="заявлением" id="884649"><tfr rev_id="2378285" t="заявлением"><v><l t="заявление" id="114311"><g v="NOUN"></g><g v="inan"></g><g v="neut"></g><g v="sing"></g><g v="ablt"></g></l></v></tfr></token><token text="в" id="884650"><tfr rev_id="2378286" t="в"><v><l t="в" id="37409"><g v="PREP"></g></l></v></tfr></token><token text="защиту" id="884651"><tfr rev_id="2378287" t="защиту"><v><l t="защита" id="114235"><g v="NOUN"></g><g v="inan"></g><g v="femn"></g><g v="sing"></g><g v="accs"></g></l></v></tfr></token><token text="прав" id="884652"><tfr rev_id="3706073" t="прав"><v><l t="право" id="265680"><g v="NOUN"></g><g v="inan"></g><g v="neut"></g><g v="plur"></g><g v="gent"></g></l></v></tfr></token><token text="," id="884653"><tfr rev_id="2378289" t=","><v><l t="," id="0"><g v="PNCT"></g></l></v></tfr></token><token text="свобод" id="884654"><tfr rev_id="2378290" t="свобод"><v><l t="свобода" id="316212"><g v="NOUN"></g><g v="inan"></g><g v="femn"></g><g v="plur"></g><g v="gent"></g></l></v></tfr></token><token text="и" id="884655"><tfr rev_id="2378291" t="и"><v><l t="и" id="116949"><g v="CONJ"></g></l></v><v><l t="и" id="116950"><g v="INTJ"></g></l></v></tfr></token><token text="законных" id="884656"><tfr rev_id="4400880" t="законных"><v><l t="законный" id="103706"><g v="ADJF"></g><g v="Qual"></g><g v="plur"></g><g v="gent"></g></l></v></tfr></token><token text="интересов" id="884657"><tfr rev_id="2378293" t="интересов"><v><l t="интерес" id="123163"><g v="NOUN"></g><g v="inan"></g><g v="masc"></g><g v="plur"></g><g v="gent"></g></l></v></tfr></token><token text="граждан" id="884658"><tfr rev_id="4357317" t="граждан"><v><l t="гражданин" id="74521"><g v="NOUN"></g><g v="anim"></g><g v="masc"></g><g v="plur"></g><g v="gent"></g></l></v></tfr></token><token text="," id="884659"><tfr rev_id="2378295" t=","><v><l t="," id="0"><g v="PNCT"></g></l></v></tfr></token><token text="неопределенного" id="884660"><tfr rev_id="4168936" t="неопределенного"><v><l t="неопределённый" id="185116"><g v="ADJF"></g><g v="Qual"></g><g v="masc"></g><g v="sing"></g><g v="gent"></g></l></v><v><l t="неопределённый" id="185116"><g v="ADJF"></g><g v="Qual"></g><g v="anim"></g><g v="masc"></g><g v="sing"></g><g v="accs"></g></l></v></tfr></token><token text="круга" id="884661"><tfr rev_id="2378297" t="круга"><v><l t="круг" id="143467"><g v="NOUN"></g><g v="inan"></g><g v="masc"></g><g v="sing"></g><g v="gent"></g></l></v></tfr></token><token text="лиц" id="884662"><tfr rev_id="4358433" t="лиц"><v><l t="лицо" id="150189"><g v="NOUN"></g><g v="anim"></g><g v="neut"></g><g v="plur"></g><g v="gent"></g></l></v><v><l t="лицо" id="150190"><g v="NOUN"></g><g v="inan"></g><g v="neut"></g><g v="plur"></g><g v="gent"></g></l></v></tfr></token><token text="или" id="884663"><tfr rev_id="3788190" t="или"><v><l t="или" id="121146"><g v="CONJ"></g></l></v></tfr></token><token text="интересов" id="884664"><tfr rev_id="2378300" t="интересов"><v><l t="интерес" id="123163"><g v="NOUN"></g><g v="inan"></g><g v="masc"></g><g v="plur"></g><g v="gent"></g></l></v></tfr></token><token text="Российской" id="884665"><tfr rev_id="3645761" t="Российской"><v><l t="российский" id="309319"><g v="ADJF"></g><g v="femn"></g><g v="sing"></g><g v="gent"></g></l></v></tfr></token><token text="Федерации" id="884666"><tfr rev_id="4378809" t="Федерации"><v><l t="федерация" id="364940"><g v="NOUN"></g><g v="inan"></g><g v="femn"></g><g v="sing"></g><g v="gent"></g></l></v></tfr></token><token text="," id="884667"><tfr rev_id="2378303" t=","><v><l t="," id="0"><g v="PNCT"></g></l></v></tfr></token><token text="субъектов" id="884668"><tfr rev_id="4410829" t="субъектов"><v><l t="субъект" id="338833"><g v="NOUN"></g><g v="inan"></g><g v="masc"></g><g v="plur"></g><g v="gent"></g></l></v></tfr></token><token text="Российской" id="884669"><tfr rev_id="4418687" t="Российской"><v><l t="российский" id="309319"><g v="ADJF"></g><g v="femn"></g><g v="sing"></g><g v="gent"></g></l></v></tfr></token><token text="Федерации" id="884670"><tfr rev_id="3553961" t="Федерации"><v><l t="федерация" id="364940"><g v="NOUN"></g><g v="inan"></g><g v="femn"></g><g v="sing"></g><g v="gent"></g></l></v></tfr></token><token text="," id="884671"><tfr rev_id="2378307" t=","><v><l t="," id="0"><g v="PNCT"></g></l></v></tfr></token><token text="муниципальных" id="884672"><tfr rev_id="4402938" t="муниципальных"><v><l t="муниципальный" id="165075"><g v="ADJF"></g><g v="plur"></g><g v="gent"></g></l></v></tfr></token><token text="образований" id="884673"><tfr rev_id="3752711" t="образований"><v><l t="образование" id="198798"><g v="NOUN"></g><g v="inan"></g><g v="neut"></g><g v="plur"></g><g v="gent"></g></l></v></tfr></token><token text="." id="884674"><tfr rev_id="2378310" t="."><v><l t="." id="0"><g v="PNCT"></g></l></v></tfr></token></tokens></sentence><sentence id="48737"><source>Заявление в защиту прав, свобод и законных интересов гражданина может быть подано прокурором только в случае, если гражданин по состоянию здоровья, возрасту, недееспособности и другим уважительным причинам не может сам обратиться в суд.</source><tokens><token text="Заявление" id="884675"><tfr rev_id="2378311" t="Заявление"><v><l t="заявление" id="114311"><g v="NOUN"></g><g v="inan"></g><g v="neut"></g><g v="sing"></g><g v="nomn"></g></l></v><v><l t="заявление" id="114311"><g v="NOUN"></g><g v="inan"></g><g v="neut"></g><g v="sing"></g><g v="accs"></g></l></v></tfr></token><token text="в" id="884676"><tfr rev_id="2378312" t="в"><v><l t="в" id="37409"><g v="PREP"></g></l></v></tfr></token><token text="защиту" id="884677"><tfr rev_id="2378313" t="защиту"><v><l t="защита" id="114235"><g v="NOUN"></g><g v="inan"></g><g v="femn"></g><g v="sing"></g><g v="accs"></g></l></v></tfr></token><token text="прав" id="884678"><tfr rev_id="3707830" t="прав"><v><l t="право" id="265680"><g v="NOUN"></g><g v="inan"></g><g v="neut"></g><g v="plur"></g><g v="gent"></g></l></v></tfr></token><token text="," id="884679"><tfr rev_id="2378315" t=","><v><l t="," id="0"><g v="PNCT"></g></l></v></tfr></token><token text="свобод" id="884680"><tfr rev_id="2378316" t="свобод"><v><l t="свобода" id="316212"><g v="NOUN"></g><g v="inan"></g><g v="femn"></g><g v="plur"></g><g v="gent"></g></l></v></tfr></token><token text="и" id="884681"><tfr rev_id="2378317" t="и"><v><l t="и" id="116949"><g v="CONJ"></g></l></v><v><l t="и" id="116950"><g v="INTJ"></g></l></v></tfr></token><token text="законных" id="884682"><tfr rev_id="4401063" t="законных"><v><l t="законный" id="103706"><g v="ADJF"></g><g v="Qual"></g><g v="plur"></g><g v="gent"></g></l></v></tfr></token><token text="интересов" id="884683"><tfr rev_id="2378319" t="интересов"><v><l t="интерес" id="123163"><g v="NOUN"></g><g v="inan"></g><g v="masc"></g><g v="plur"></g><g v="gent"></g></l></v></tfr></token><token text="гражданина" id="884684"><tfr rev_id="4372413" t="гражданина"><v><l t="гражданин" id="74521"><g v="NOUN"></g><g v="anim"></g><g v="masc"></g><g v="sing"></g><g v="gent"></g></l></v></tfr></token><token text="может" id="884685"><tfr rev_id="4231723" t="может"><v><l t="могу" id="164485"><g v="VERB"></g><g v="impf"></g><g v="intr"></g><g v="sing"></g><g v="3per"></g><g v="pres"></g><g v="indc"></g></l></v></tfr></token><token text="быть" id="884686"><tfr rev_id="2378322" t="быть"><v><l t="быть" id="37266"><g v="INFN"></g><g v="impf"></g><g v="intr"></g></l></v></tfr></token><token text="подано" id="884687"><tfr rev_id="2378323" t="подано"><v><l t="подан" id="243895"><g v="PRTS"></g><g v="perf"></g><g v="past"></g><g v="pssv"></g><g v="neut"></g><g v="sing"></g></l></v></tfr></token><token text="прокурором" id="884688"><tfr rev_id="2378324" t="прокурором"><v><l t="прокурор" id="281274"><g v="NOUN"></g><g v="anim"></g><g v="masc"></g><g v="sing"></g><g v="ablt"></g></l></v></tfr></token><token text="только" id="884689"><tfr rev_id="3784430" t="только"><v><l t="только" id="347395"><g v="CONJ"></g></l></v><v><l t="только" id="347396"><g v="PRCL"></g></l></v><v><l t="только" id="390053"><g v="ADVB"></g></l></v></tfr></token><token text="в" id="884690"><tfr rev_id="2378326" t="в"><v><l t="в" id="37409"><g v="PREP"></g></l></v></tfr></token><token text="случае" id="884691"><tfr rev_id="2378327" t="случае"><v><l t="случай" id="325472"><g v="NOUN"></g><g v="inan"></g><g v="masc"></g><g v="sing"></g><g v="loct"></g></l></v></tfr></token><token text="," id="884692"><tfr rev_id="2378328" t=","><v><l t="," id="0"><g v="PNCT"></g></l></v></tfr></token><token text="если" id="884693"><tfr rev_id="2378329" t="если"><v><l t="если" id="95365"><g v="CONJ"></g></l></v></tfr></token><token text="гражданин" id="884694"><tfr rev_id="2378330" t="гражданин"><v><l t="гражданин" id="74521"><g v="NOUN"></g><g v="anim"></g><g v="masc"></g><g v="sing"></g><g v="nomn"></g></l></v></tfr></token><token text="по" id="884695"><tfr rev_id="2378331" t="по"><v><l t="по" id="241240"><g v="PREP"></g></l></v></tfr></token><token text="состоянию" id="884696"><tfr rev_id="2378332" t="состоянию"><v><l t="состояние" id="330557"><g v="NOUN"></g><g v="inan"></g><g v="neut"></g><g v="sing"></g><g v="datv"></g></l></v></tfr></token><token text="здоровья" id="884697"><tfr rev_id="3532033" t="здоровья"><v><l t="здоровье" id="114746"><g v="NOUN"></g><g v="inan"></g><g v="neut"></g><g v="sing"></g><g v="gent"></g></l></v></tfr></token><token text="," id="884698"><tfr rev_id="2378334" t=","><v><l t="," id="0"><g v="PNCT"></g></l></v></tfr></token><token text="возрасту" id="884699"><tfr rev_id="2503778" t="возрасту"><v><l t="возраст" id="49611"><g v="NOUN"></g><g v="inan"></g><g v="masc"></g><g v="sing"></g><g v="datv"></g></l></v></tfr></token><token text="," id="884700"><tfr rev_id="2378336" t=","><v><l t="," id="0"><g v="PNCT"></g></l></v></tfr></token><token text="недееспособности" id="884701"><tfr rev_id="4378810" t="недееспособности"><v><l t="недееспособность" id="180675"><g v="NOUN"></g><g v="inan"></g><g v="femn"></g><g v="sing"></g><g v="datv"></g></l></v></tfr></token><token text="и" id="884702"><tfr rev_id="2378338" t="и"><v><l t="и" id="116949"><g v="CONJ"></g></l></v><v><l t="и" id="116950"><g v="INTJ"></g></l></v></tfr></token><token text="другим" id="884703"><tfr rev_id="3674531" t="другим"><v><l t="другой" id="92342"><g v="ADJF"></g><g v="Apro"></g><g v="Subx"></g><g v="plur"></g><g v="datv"></g></l></v></tfr></token><token text="уважительным" id="884704"><tfr rev_id="3672712" t="уважительным"><v><l t="уважительный" id="353234"><g v="ADJF"></g><g v="Qual"></g><g v="plur"></g><g v="datv"></g></l></v></tfr></token><token text="причинам" id="884705"><tfr rev_id="2378341" t="причинам"><v><l t="причина" id="276522"><g v="NOUN"></g><g v="inan"></g><g v="femn"></g><g v="plur"></g><g v="datv"></g></l></v></tfr></token><token text="не" id="884706"><tfr rev_id="2378342" t="не"><v><l t="не" id="178876"><g v="PRCL"></g></l></v></tfr></token><token text="может" id="884707"><tfr rev_id="4229740" t="может"><v><l t="могу" id="164485"><g v="VERB"></g><g v="impf"></g><g v="intr"></g><g v="sing"></g><g v="3per"></g><g v="pres"></g><g v="indc"></g></l></v></tfr></token><token text="сам" id="884708"><tfr rev_id="2378344" t="сам"><v><l t="сам" id="312034"><g v="ADJF"></g><g v="Apro"></g><g v="masc"></g><g v="sing"></g><g v="nomn"></g></l></v><v><l t="сам" id="312034"><g v="ADJF"></g><g v="Apro"></g><g v="inan"></g><g v="masc"></g><g v="sing"></g><g v="accs"></g></l></v></tfr></token><token text="обратиться" id="884709"><tfr rev_id="2378345" t="обратиться"><v><l t="обратиться" id="198929"><g v="INFN"></g><g v="perf"></g><g v="intr"></g></l></v></tfr></token><token text="в" id="884710"><tfr rev_id="2378346" t="в"><v><l t="в" id="37409"><g v="PREP"></g></l></v></tfr></token><token text="суд" id="884711"><tfr rev_id="2378347" t="суд"><v><l t="суд" id="338918"><g v="NOUN"></g><g v="inan"></g><g v="masc"></g><g v="sing"></g><g v="nomn"></g></l></v><v><l t="суд" id="338918"><g v="NOUN"></g><g v="inan"></g><g v="masc"></g><g v="sing"></g><g v="accs"></g></l></v></tfr></token><token text="." id="884712"><tfr rev_id="2378348" t="."><v><l t="." id="0"><g v="PNCT"></g></l></v></tfr></token></tokens></sentence></paragraph><paragraph id="16342"><sentence id="48738"><source>2. Прокурор, подавший заявление, пользуется всеми процессуальными правами и несет все процессуальные обязанности истца, за исключением права на заключение мирового соглашения и обязанности по уплате судебных расходов.</source><tokens><token text="2" id="884713"><tfr rev_id="2466907" t="2"><v><l t="2" id="0"><g v="NUMB"></g></l></v></tfr></token><token text="." id="884714"><tfr rev_id="2378350" t="."><v><l t="." id="0"><g v="PNCT"></g></l></v></tfr></token><token text="Прокурор" id="884715"><tfr rev_id="2378351" t="Прокурор"><v><l t="прокурор" id="281274"><g v="NOUN"></g><g v="anim"></g><g v="masc"></g><g v="sing"></g><g v="nomn"></g></l></v></tfr></token><token text="," id="884716"><tfr rev_id="2378352" t=","><v><l t="," id="0"><g v="PNCT"></g></l></v></tfr></token><token text="подавший" id="884717"><tfr rev_id="2378353" t="подавший"><v><l t="подавший" id="243893"><g v="PRTF"></g><g v="perf"></g><g v="tran"></g><g v="past"></g><g v="actv"></g><g v="masc"></g><g v="sing"></g><g v="nomn"></g></l></v><v><l t="подавший" id="243893"><g v="PRTF"></g><g v="perf"></g><g v="tran"></g><g v="past"></g><g v="actv"></g><g v="inan"></g><g v="masc"></g><g v="sing"></g><g v="accs"></g></l></v></tfr></token><token text="заявление" id="884718"><tfr rev_id="2378354" t="заявление"><v><l t="заявление" id="114311"><g v="NOUN"></g><g v="inan"></g><g v="neut"></g><g v="sing"></g><g v="nomn"></g></l></v><v><l t="заявление" id="114311"><g v="NOUN"></g><g v="inan"></g><g v="neut"></g><g v="sing"></g><g v="accs"></g></l></v></tfr></token><token text="," id="884719"><tfr rev_id="2378355" t=","><v><l t="," id="0"><g v="PNCT"></g></l></v></tfr></token><token text="пользуется" id="884720"><tfr rev_id="2378356" t="пользуется"><v><l t="пользуюсь" id="257090"><g v="VERB"></g><g v="impf"></g><g v="intr"></g><g v="sing"></g><g v="3per"></g><g v="pres"></g><g v="indc"></g></l></v></tfr></token><token text="всеми" id="884721"><tfr rev_id="4136531" t="всеми"><v><l t="весь" id="42156"><g v="ADJF"></g><g v="Subx"></g><g v="Apro"></g><g v="plur"></g><g v="ablt"></g></l></v></tfr></token><token text="процессуальными" id="884722"><tfr rev_id="2378358" t="процессуальными"><v><l t="процессуальный" id="287373"><g v="ADJF"></g><g v="plur"></g><g v="ablt"></g></l></v></tfr></token><token text="правами" id="884723"><tfr rev_id="2378359" t="правами"><v><l t="право" id="265680"><g v="NOUN"></g><g v="inan"></g><g v="neut"></g><g v="plur"></g><g v="ablt"></g></l></v></tfr></token><token text="и" id="884724"><tfr rev_id="2378360" t="и"><v><l t="и" id="116949"><g v="CONJ"></g></l></v><v><l t="и" id="116950"><g v="INTJ"></g></l></v></tfr></token><token text="несет" id="884725"><tfr rev_id="2378361" t="несет"><v><l t="несу" id="188677"><g v="VERB"></g><g v="impf"></g><g v="tran"></g><g v="sing"></g><g v="3per"></g><g v="pres"></g><g v="indc"></g></l></v></tfr></token><token text="все" id="884726"><tfr rev_id="4536961" t="все"><v><l t="весь" id="42156"><g v="ADJF"></g><g v="Subx"></g><g v="Apro"></g><g v="inan"></g><g v="plur"></g><g v="accs"></g></l></v><v><l t="весь" id="42156"><g v="ADJF"></g><g v="Subx"></g><g v="Apro"></g><g v="neut"></g><g v="sing"></g><g v="accs"></g></l></v><v><l t="весь" id="42156"><g v="ADJF"></g><g v="Subx"></g><g v="Apro"></g><g v="neut"></g><g v="sing"></g><g v="nomn"></g></l></v><v><l t="весь" id="42156"><g v="ADJF"></g><g v="Subx"></g><g v="Apro"></g><g v="plur"></g><g v="nomn"></g></l></v></tfr></token><token text="процессуальные" id="884727"><tfr rev_id="4092592" t="процессуальные"><v><l t="процессуальный" id="287373"><g v="ADJF"></g><g v="inan"></g><g v="plur"></g><g v="accs"></g></l></v></tfr></token><token text="обязанности" id="884728"><tfr rev_id="3805661" t="обязанности"><v><l t="обязанность" id="202081"><g v="NOUN"></g><g v="inan"></g><g v="femn"></g><g v="plur"></g><g v="accs"></g></l></v></tfr></token><token text="истца" id="884729"><tfr rev_id="4373263" t="истца"><v><l t="истец" id="126202"><g v="NOUN"></g><g v="anim"></g><g v="masc"></g><g v="sing"></g><g v="gent"></g></l></v></tfr></token><token text="," id="884730"><tfr rev_id="2378366" t=","><v><l t="," id="0"><g v="PNCT"></g></l></v></tfr></token><token text="за" id="884731"><tfr rev_id="2378367" t="за"><v><l t="за" id="98043"><g v="PREP"></g></l></v></tfr></token><token text="исключением" id="884732"><tfr rev_id="2378368" t="исключением"><v><l t="исключение" id="124356"><g v="NOUN"></g><g v="inan"></g><g v="neut"></g><g v="sing"></g><g v="ablt"></g></l></v></tfr></token><token text="права" id="884733"><tfr rev_id="4203402" t="права"><v><l t="право" id="265680"><g v="NOUN"></g><g v="inan"></g><g v="neut"></g><g v="sing"></g><g v="gent"></g></l></v></tfr></token><token text="на" id="884734"><tfr rev_id="3394875" t="на"><v><l t="на" id="166264"><g v="PREP"></g></l></v></tfr></token><token text="заключение" id="884735"><tfr rev_id="2378371" t="заключение"><v><l t="заключение" id="103480"><g v="NOUN"></g><g v="inan"></g><g v="neut"></g><g v="sing"></g><g v="nomn"></g></l></v><v><l t="заключение" id="103480"><g v="NOUN"></g><g v="inan"></g><g v="neut"></g><g v="sing"></g><g v="accs"></g></l></v></tfr></token><token text="мирового" id="884736"><tfr rev_id="4537604" t="мирового"><v><l t="мировой" id="160894"><g v="ADJF"></g><g v="masc"></g><g v="sing"></g><g v="gent"></g></l></v><v><l t="мировой" id="160894"><g v="ADJF"></g><g v="neut"></g><g v="sing"></g><g v="gent"></g></l></v></tfr></token><token text="соглашения" id="884737"><tfr rev_id="3530549" t="соглашения"><v><l t="соглашение" id="328305"><g v="NOUN"></g><g v="inan"></g><g v="neut"></g><g v="sing"></g><g v="gent"></g></l></v></tfr></token><token text="и" id="884738"><tfr rev_id="4288961" t="и"><v><l t="и" id="116949"><g v="CONJ"></g></l></v></tfr></token><token text="обязанности" id="884739"><tfr rev_id="4378811" t="обязанности"><v><l t="обязанность" id="202081"><g v="NOUN"></g><g v="inan"></g><g v="femn"></g><g v="sing"></g><g v="gent"></g></l></v></tfr></token><token text="по" id="884740"><tfr rev_id="2378376" t="по"><v><l t="по" id="241240"><g v="PREP"></g></l></v></tfr></token><token text="уплате" id="884741"><tfr rev_id="3647644" t="уплате"><v><l t="уплата" id="358881"><g v="NOUN"></g><g v="inan"></g><g v="femn"></g><g v="sing"></g><g v="datv"></g></l></v></tfr></token><token text="судебных" id="884742"><tfr rev_id="4371729" t="судебных"><v><l t="судебный" id="338966"><g v="ADJF"></g><g v="Qual"></g><g v="plur"></g><g v="gent"></g></l></v></tfr></token><token text="расходов" id="884743"><tfr rev_id="2378379" t="расходов"><v><l t="расход" id="303036"><g v="NOUN"></g><g v="inan"></g><g v="masc"></g><g v="plur"></g><g v="gent"></g></l></v></tfr></token><token text="." id="884744"><tfr rev_id="2378380" t="."><v><l t="." id="0"><g v="PNCT"></g></l></v></tfr></token></tokens></sentence><sentence id="48739"><source>В случае отказа прокурора от заявления, поданного в защиту законных интересов другого лица, рассмотрение дела по существу продолжается, если это лицо или его законный представитель не заявит об отказе от иска.</source><tokens><token text="В" id="884745"><tfr rev_id="2378381" t="В"><v><l t="в" id="37409"><g v="PREP"></g></l></v></tfr></token><token text="случае" id="884746"><tfr rev_id="2378382" t="случае"><v><l t="случай" id="325472"><g v="NOUN"></g><g v="inan"></g><g v="masc"></g><g v="sing"></g><g v="loct"></g></l></v></tfr></token><token text="отказа" id="884747"><tfr rev_id="2378383" t="отказа"><v><l t="отказ" id="213927"><g v="NOUN"></g><g v="inan"></g><g v="masc"></g><g v="sing"></g><g v="gent"></g></l></v></tfr></token><token text="прокурора" id="884748"><tfr rev_id="4373139" t="прокурора"><v><l t="прокурор" id="281274"><g v="NOUN"></g><g v="anim"></g><g v="masc"></g><g v="sing"></g><g v="gent"></g></l></v></tfr></token><token text="от" id="884749"><tfr rev_id="2378385" t="от"><v><l t="от" id="211644"><g v="PREP"></g></l></v></tfr></token><token text="заявления" id="884750"><tfr rev_id="3532714" t="заявления"><v><l t="заявление" id="114311"><g v="NOUN"></g><g v="inan"></g><g v="neut"></g><g v="sing"></g><g v="gent"></g></l></v></tfr></token><token text="," id="884751"><tfr rev_id="2378387" t=","><v><l t="," id="0"><g v="PNCT"></g></l></v></tfr></token><token text="поданного" id="884752"><tfr rev_id="4354791" t="поданного"><v><l t="поданный" id="243894"><g v="PRTF"></g><g v="perf"></g><g v="tran"></g><g v="past"></g><g v="pssv"></g><g v="neut"></g><g v="sing"></g><g v="gent"></g></l></v></tfr></token><token text="в" id="884753"><tfr rev_id="2378389" t="в"><v><l t="в" id="37409"><g v="PREP"></g></l></v></tfr></token><token text="защиту" id="884754"><tfr rev_id="2378390" t="защиту"><v><l t="защита" id="114235"><g v="NOUN"></g><g v="inan"></g><g v="femn"></g><g v="sing"></g><g v="accs"></g></l></v></tfr></token><token text="законных" id="884755"><tfr rev_id="4369507" t="законных"><v><l t="законный" id="103706"><g v="ADJF"></g><g v="Qual"></g><g v="plur"></g><g v="gent"></g></l></v></tfr></token><token text="интересов" id="884756"><tfr rev_id="2378392" t="интересов"><v><l t="интерес" id="123163"><g v="NOUN"></g><g v="inan"></g><g v="masc"></g><g v="plur"></g><g v="gent"></g></l></v></tfr></token><token text="другого" id="884757"><tfr rev_id="4214834" t="другого"><v><l t="другой" id="92342"><g v="ADJF"></g><g v="Apro"></g><g v="Subx"></g><g v="neut"></g><g v="sing"></g><g v="gent"></g></l></v></tfr></token><token text="лица" id="884758"><tfr rev_id="4341874" t="лица"><v><l t="лицо" id="150189"><g v="NOUN"></g><g v="anim"></g><g v="neut"></g><g v="sing"></g><g v="gent"></g></l></v></tfr></token><token text="," id="884759"><tfr rev_id="2378395" t=","><v><l t="," id="0"><g v="PNCT"></g></l></v></tfr></token><token text="рассмотрение" id="884760"><tfr rev_id="2378396" t="рассмотрение"><v><l t="рассмотрение" id="301146"><g v="NOUN"></g><g v="inan"></g><g v="neut"></g><g v="sing"></g><g v="nomn"></g></l></v><v><l t="рассмотрение" id="301146"><g v="NOUN"></g><g v="inan"></g><g v="neut"></g><g v="sing"></g><g v="accs"></g></l></v></tfr></token><token text="дела" id="884761"><tfr rev_id="3690296" t="дела"><v><l t="дело" id="80628"><g v="NOUN"></g><g v="inan"></g><g v="neut"></g><g v="sing"></g><g v="gent"></g></l></v></tfr></token><token text="по" id="884762"><tfr rev_id="2378398" t="по"><v><l t="по" id="241240"><g v="PREP"></g></l></v></tfr></token><token text="существу" id="884763"><tfr rev_id="4342409" t="существу"><v><l t="существо" id="340481"><g v="NOUN"></g><g v="inan"></g><g v="neut"></g><g v="sing"></g><g v="datv"></g></l></v></tfr></token><token text="продолжается" id="884764"><tfr rev_id="2378400" t="продолжается"><v><l t="продолжаюсь" id="279222"><g v="VERB"></g><g v="impf"></g><g v="intr"></g><g v="sing"></g><g v="3per"></g><g v="pres"></g><g v="indc"></g></l></v></tfr></token><token text="," id="884765"><tfr rev_id="2378401" t=","><v><l t="," id="0"><g v="PNCT"></g></l></v></tfr></token><token text="если" id="884766"><tfr rev_id="2378402" t="если"><v><l t="если" id="95365"><g v="CONJ"></g></l></v></tfr></token><token text="это" id="884767"><tfr rev_id="4442236" t="это"><v><l t="этот" id="386581"><g v="ADJF"></g><g v="Subx"></g><g v="Apro"></g><g v="Anph"></g><g v="neut"></g><g v="sing"></g><g v="nomn"></g></l></v><v><l t="этот" id="386581"><g v="ADJF"></g><g v="Subx"></g><g v="Apro"></g><g v="Anph"></g><g v="neut"></g><g v="sing"></g><g v="accs"></g></l></v></tfr></token><token text="лицо" id="884768"><tfr rev_id="4108517" t="лицо"><v><l t="лицо" id="150189"><g v="NOUN"></g><g v="anim"></g><g v="neut"></g><g v="sing"></g><g v="nomn"></g></l></v><v><l t="лицо" id="150190"><g v="NOUN"></g><g v="inan"></g><g v="neut"></g><g v="sing"></g><g v="nomn"></g></l></v></tfr></token><token text="или" id="884769"><tfr rev_id="3788191" t="или"><v><l t="или" id="121146"><g v="CONJ"></g></l></v></tfr></token><token text="его" id="884770"><tfr rev_id="4515136" t="его"><v><l t="его" id="94208"><g v="ADJF"></g><g v="Fixd"></g><g v="Apro"></g><g v="Anph"></g><g v="masc"></g><g v="sing"></g><g v="nomn"></g></l></v><v><l t="его" id="94208"><g v="ADJF"></g><g v="Fixd"></g><g v="Apro"></g><g v="Anph"></g><g v="masc"></g><g v="sing"></g><g v="gent"></g></l></v><v><l t="его" id="94208"><g v="ADJF"></g><g v="Fixd"></g><g v="Apro"></g><g v="Anph"></g><g v="masc"></g><g v="sing"></g><g v="datv"></g></l></v><v><l t="его" id="94208"><g v="ADJF"></g><g v="Fixd"></g><g v="Apro"></g><g v="Anph"></g><g v="masc"></g><g v="sing"></g><g v="accs"></g></l></v><v><l t="его" id="94208"><g v="ADJF"></g><g v="Fixd"></g><g v="Apro"></g><g v="Anph"></g><g v="masc"></g><g v="sing"></g><g v="ablt"></g></l></v><v><l t="его" id="94208"><g v="ADJF"></g><g v="Fixd"></g><g v="Apro"></g><g v="Anph"></g><g v="masc"></g><g v="sing"></g><g v="loct"></g></l></v></tfr></token><token text="законный" id="884771"><tfr rev_id="2378407" t="законный"><v><l t="законный" id="103706"><g v="ADJF"></g><g v="Qual"></g><g v="masc"></g><g v="sing"></g><g v="nomn"></g></l></v><v><l t="законный" id="103706"><g v="ADJF"></g><g v="Qual"></g><g v="inan"></g><g v="masc"></g><g v="sing"></g><g v="accs"></g></l></v></tfr></token><token text="представитель" id="884772"><tfr rev_id="2378408" t="представитель"><v><l t="представитель" id="267083"><g v="NOUN"></g><g v="anim"></g><g v="masc"></g><g v="sing"></g><g v="nomn"></g></l></v></tfr></token><token text="не" id="884773"><tfr rev_id="2378409" t="не"><v><l t="не" id="178876"><g v="PRCL"></g></l></v></tfr></token><token text="заявит" id="884774"><tfr rev_id="2378410" t="заявит"><v><l t="заявил" id="114300"><g v="VERB"></g><g v="perf"></g><g v="tran"></g><g v="sing"></g><g v="3per"></g><g v="futr"></g><g v="indc"></g></l></v></tfr></token><token text="об" id="884775"><tfr rev_id="2921479" t="об"><v><l t="о" id="192977"><g v="PREP"></g><g v="Vpre"></g></l></v></tfr></token><token text="отказе" id="884776"><tfr rev_id="2378412" t="отказе"><v><l t="отказ" id="213927"><g v="NOUN"></g><g v="inan"></g><g v="masc"></g><g v="sing"></g><g v="loct"></g></l></v></tfr></token><token text="от" id="884777"><tfr rev_id="2378413" t="от"><v><l t="от" id="211644"><g v="PREP"></g></l></v></tfr></token><token text="иска" id="884778"><tfr rev_id="3948456" t="иска"><v><l t="иск" id="124180"><g v="NOUN"></g><g v="inan"></g><g v="masc"></g><g v="sing"></g><g v="gent"></g></l></v></tfr></token><token text="." id="884779"><tfr rev_id="2378415" t="."><v><l t="." id="0"><g v="PNCT"></g></l></v></tfr></token></tokens></sentence><sentence id="48740"><source>При отказе истца от иска суд прекращает производство по делу, если это не противоречит закону или не нарушает права и законные интересы других лиц.</source><tokens><token text="При" id="884780"><tfr rev_id="2605554" t="При"><v><l t="при" id="268625"><g v="PREP"></g></l></v></tfr></token><token text="отказе" id="884781"><tfr rev_id="2378417" t="отказе"><v><l t="отказ" id="213927"><g v="NOUN"></g><g v="inan"></g><g v="masc"></g><g v="sing"></g><g v="loct"></g></l></v></tfr></token><token text="истца" id="884782"><tfr rev_id="4372527" t="истца"><v><l t="истец" id="126202"><g v="NOUN"></g><g v="anim"></g><g v="masc"></g><g v="sing"></g><g v="gent"></g></l></v></tfr></token><token text="от" id="884783"><tfr rev_id="2378419" t="от"><v><l t="от" id="211644"><g v="PREP"></g></l></v></tfr></token><token text="иска" id="884784"><tfr rev_id="4293386" t="иска"><v><l t="иск" id="124180"><g v="NOUN"></g><g v="inan"></g><g v="masc"></g><g v="sing"></g><g v="gent"></g></l></v></tfr></token><token text="суд" id="884785"><tfr rev_id="4108505" t="суд"><v><l t="суд" id="338918"><g v="NOUN"></g><g v="inan"></g><g v="masc"></g><g v="sing"></g><g v="nomn"></g></l></v></tfr></token><token text="прекращает" id="884786"><tfr rev_id="2378422" t="прекращает"><v><l t="прекращаю" id="267603"><g v="VERB"></g><g v="impf"></g><g v="tran"></g><g v="sing"></g><g v="3per"></g><g v="pres"></g><g v="indc"></g></l></v></tfr></token><token text="производство" id="884787"><tfr rev_id="2378423" t="производство"><v><l t="производство" id="280127"><g v="NOUN"></g><g v="inan"></g><g v="neut"></g><g v="sing"></g><g v="nomn"></g></l></v><v><l t="производство" id="280127"><g v="NOUN"></g><g v="inan"></g><g v="neut"></g><g v="sing"></g><g v="accs"></g></l></v></tfr></token><token text="по" id="884788"><tfr rev_id="2378424" t="по"><v><l t="по" id="241240"><g v="PREP"></g></l></v></tfr></token><token text="делу" id="884789"><tfr rev_id="2378425" t="делу"><v><l t="дело" id="80628"><g v="NOUN"></g><g v="inan"></g><g v="neut"></g><g v="sing"></g><g v="datv"></g></l></v></tfr></token><token text="," id="884790"><tfr rev_id="2378426" t=","><v><l t="," id="0"><g v="PNCT"></g></l></v></tfr></token><token text="если" id="884791"><tfr rev_id="2378427" t="если"><v><l t="если" id="95365"><g v="CONJ"></g></l></v></tfr></token><token text="это" id="884792"><tfr rev_id="4442237" t="это"><v><l t="это" id="386574"><g v="PRCL"></g></l></v><v><l t="это" id="386575"><g v="NPRO"></g><g v="neut"></g><g v="sing"></g><g v="nomn"></g></l></v><v><l t="это" id="386575"><g v="NPRO"></g><g v="neut"></g><g v="sing"></g><g v="accs"></g></l></v><v><l t="этот" id="386581"><g v="ADJF"></g><g v="Subx"></g><g v="Apro"></g><g v="Anph"></g><g v="neut"></g><g v="sing"></g><g v="nomn"></g></l></v><v><l t="этот" id="386581"><g v="ADJF"></g><g v="Subx"></g><g v="Apro"></g><g v="Anph"></g><g v="neut"></g><g v="sing"></g><g v="accs"></g></l></v></tfr></token><token text="не" id="884793"><tfr rev_id="2378429" t="не"><v><l t="не" id="178876"><g v="PRCL"></g></l></v></tfr></token><token text="противоречит" id="884794"><tfr rev_id="2378430" t="противоречит"><v><l t="противоречу" id="286122"><g v="VERB"></g><g v="impf"></g><g v="intr"></g><g v="sing"></g><g v="3per"></g><g v="pres"></g><g v="indc"></g></l></v></tfr></token><token text="закону" id="884795"><tfr rev_id="2378431" t="закону"><v><l t="закон" id="103696"><g v="NOUN"></g><g v="inan"></g><g v="masc"></g><g v="sing"></g><g v="datv"></g></l></v></tfr></token><token text="или" id="884796"><tfr rev_id="3788192" t="или"><v><l t="или" id="121146"><g v="CONJ"></g></l></v></tfr></token><token text="не" id="884797"><tfr rev_id="2378433" t="не"><v><l t="не" id="178876"><g v="PRCL"></g></l></v></tfr></token><token text="нарушает" id="884798"><tfr rev_id="2378434" t="нарушает"><v><l t="нарушаю" id="174871"><g v="VERB"></g><g v="impf"></g><g v="tran"></g><g v="sing"></g><g v="3per"></g><g v="pres"></g><g v="indc"></g></l></v></tfr></token><token text="права" id="884799"><tfr rev_id="4227323" t="права"><v><l t="право" id="265680"><g v="NOUN"></g><g v="inan"></g><g v="neut"></g><g v="plur"></g><g v="nomn"></g></l></v><v><l t="право" id="265680"><g v="NOUN"></g><g v="inan"></g><g v="neut"></g><g v="plur"></g><g v="accs"></g></l></v></tfr></token><token text="и" id="884800"><tfr rev_id="2378436" t="и"><v><l t="и" id="116949"><g v="CONJ"></g></l></v><v><l t="и" id="116950"><g v="INTJ"></g></l></v></tfr></token><token text="законные" id="884801"><tfr rev_id="3820204" t="законные"><v><l t="законный" id="103706"><g v="ADJF"></g><g v="Qual"></g><g v="inan"></g><g v="plur"></g><g v="accs"></g></l></v></tfr></token><token text="интересы" id="884802"><tfr rev_id="2628637" t="интересы"><v><l t="интерес" id="123163"><g v="NOUN"></g><g v="inan"></g><g v="masc"></g><g v="plur"></g><g v="accs"></g></l></v></tfr></token><token text="других" id="884803"><tfr rev_id="4371115" t="других"><v><l t="другой" id="92342"><g v="ADJF"></g><g v="Apro"></g><g v="Subx"></g><g v="plur"></g><g v="gent"></g></l></v></tfr></token><token text="лиц" id="884804"><tfr rev_id="4404026" t="лиц"><v><l t="лицо" id="150189"><g v="NOUN"></g><g v="anim"></g><g v="neut"></g><g v="plur"></g><g v="gent"></g></l></v></tfr></token><token text="." id="884805"><tfr rev_id="2378441" t="."><v><l t="." id="0"><g v="PNCT"></g></l></v></tfr></token></tokens></sentence></paragraph><paragraph id="16343"><sentence id="48741"><source>3. Прокурор вступает в процесс и дает заключение по делам о выселении, о восстановлении на работе, о возмещении вреда, причиненного жизни или здоровью, а также в иных случаях, предусмотренных настоящим Кодексом и другими федеральными законами, в целях осуществления возложенных на него полномочий.</source><tokens><token text="3" id="884806"><tfr rev_id="2466908" t="3"><v><l t="3" id="0"><g v="NUMB"></g></l></v></tfr></token><token text="." id="884807"><tfr rev_id="2378443" t="."><v><l t="." id="0"><g v="PNCT"></g></l></v></tfr></token><token text="Прокурор" id="884808"><tfr rev_id="2378444" t="Прокурор"><v><l t="прокурор" id="281274"><g v="NOUN"></g><g v="anim"></g><g v="masc"></g><g v="sing"></g><g v="nomn"></g></l></v></tfr></token><token text="вступает" id="884809"><tfr rev_id="2378445" t="вступает"><v><l t="вступаю" id="54586"><g v="VERB"></g><g v="impf"></g><g v="intr"></g><g v="sing"></g><g v="3per"></g><g v="pres"></g><g v="indc"></g></l></v></tfr></token><token text="в" id="884810"><tfr rev_id="2378446" t="в"><v><l t="в" id="37409"><g v="PREP"></g></l></v></tfr></token><token text="процесс" id="884811"><tfr rev_id="2378447" t="процесс"><v><l t="процесс" id="287363"><g v="NOUN"></g><g v="inan"></g><g v="masc"></g><g v="sing"></g><g v="nomn"></g></l></v><v><l t="процесс" id="287363"><g v="NOUN"></g><g v="inan"></g><g v="masc"></g><g v="sing"></g><g v="accs"></g></l></v></tfr></token><token text="и" id="884812"><tfr rev_id="2378448" t="и"><v><l t="и" id="116949"><g v="CONJ"></g></l></v><v><l t="и" id="116950"><g v="INTJ"></g></l></v></tfr></token><token text="дает" id="884813"><tfr rev_id="2378449" t="дает"><v><l t="даю" id="77579"><g v="VERB"></g><g v="impf"></g><g v="tran"></g><g v="sing"></g><g v="3per"></g><g v="pres"></g><g v="indc"></g></l></v></tfr></token><token text="заключение" id="884814"><tfr rev_id="2378450" t="заключение"><v><l t="заключение" id="103480"><g v="NOUN"></g><g v="inan"></g><g v="neut"></g><g v="sing"></g><g v="nomn"></g></l></v><v><l t="заключение" id="103480"><g v="NOUN"></g><g v="inan"></g><g v="neut"></g><g v="sing"></g><g v="accs"></g></l></v></tfr></token><token text="по" id="884815"><tfr rev_id="2378451" t="по"><v><l t="по" id="241240"><g v="PREP"></g></l></v></tfr></token><token text="делам" id="884816"><tfr rev_id="2378452" t="делам"><v><l t="дело" id="80628"><g v="NOUN"></g><g v="inan"></g><g v="neut"></g><g v="plur"></g><g v="datv"></g></l></v></tfr></token><token text="о" id="884817"><tfr rev_id="3328956" t="о"><v><l t="о" id="192977"><g v="PREP"></g></l></v></tfr></token><token text="выселении" id="884818"><tfr rev_id="2378454" t="выселении"><v><l t="выселение" id="61759"><g v="NOUN"></g><g v="inan"></g><g v="neut"></g><g v="sing"></g><g v="loct"></g></l></v></tfr></token><token text="," id="884819"><tfr rev_id="2378455" t=","><v><l t="," id="0"><g v="PNCT"></g></l></v></tfr></token><token text="о" id="884820"><tfr rev_id="2378456" t="о"><v><l t="о" id="192977"><g v="PREP"></g></l></v><v><l t="о" id="192978"><g v="INTJ"></g></l></v></tfr></token><token text="восстановлении" id="884821"><tfr rev_id="2378457" t="восстановлении"><v><l t="восстановление" id="51889"><g v="NOUN"></g><g v="inan"></g><g v="neut"></g><g v="sing"></g><g v="loct"></g></l></v></tfr></token><token text="на" id="884822"><tfr rev_id="3338315" t="на"><v><l t="на" id="166264"><g v="PREP"></g></l></v></tfr></token><token text="работе" id="884823"><tfr rev_id="3646355" t="работе"><v><l t="работа" id="290501"><g v="NOUN"></g><g v="inan"></g><g v="femn"></g><g v="sing"></g><g v="loct"></g></l></v></tfr></token><token text="," id="884824"><tfr rev_id="2378460" t=","><v><l t="," id="0"><g v="PNCT"></g></l></v></tfr></token><token text="о" id="884825"><tfr rev_id="3327374" t="о"><v><l t="о" id="192977"><g v="PREP"></g></l></v></tfr></token><token text="возмещении" id="884826"><tfr rev_id="2378462" t="возмещении"><v><l t="возмещение" id="49407"><g v="NOUN"></g><g v="inan"></g><g v="neut"></g><g v="sing"></g><g v="loct"></g></l></v></tfr></token><token text="вреда" id="884827"><tfr rev_id="2378463" t="вреда"><v><l t="вред" id="53061"><g v="NOUN"></g><g v="inan"></g><g v="masc"></g><g v="sing"></g><g v="gent"></g></l></v></tfr></token><token text="," id="884828"><tfr rev_id="2378464" t=","><v><l t="," id="0"><g v="PNCT"></g></l></v></tfr></token><token text="причиненного" id="884829"><tfr rev_id="4354860" t="причиненного"><v><l t="причинённый" id="276529"><g v="PRTF"></g><g v="perf"></g><g v="tran"></g><g v="past"></g><g v="pssv"></g><g v="masc"></g><g v="sing"></g><g v="gent"></g></l></v><v><l t="причинённый" id="276529"><g v="PRTF"></g><g v="perf"></g><g v="tran"></g><g v="past"></g><g v="pssv"></g><g v="anim"></g><g v="masc"></g><g v="sing"></g><g v="accs"></g></l></v></tfr></token><token text="жизни" id="884830"><tfr rev_id="4378812" t="жизни"><v><l t="жизнь" id="97314"><g v="NOUN"></g><g v="inan"></g><g v="femn"></g><g v="sing"></g><g v="datv"></g></l></v></tfr></token><token text="или" id="884831"><tfr rev_id="3788193" t="или"><v><l t="или" id="121146"><g v="CONJ"></g></l></v></tfr></token><token text="здоровью" id="884832"><tfr rev_id="2378468" t="здоровью"><v><l t="здоровье" id="114746"><g v="NOUN"></g><g v="inan"></g><g v="neut"></g><g v="sing"></g><g v="datv"></g></l></v></tfr></token><token text="," id="884833"><tfr rev_id="2378469" t=","><v><l t="," id="0"><g v="PNCT"></g></l></v></tfr></token><token text="а" id="884834"><tfr rev_id="2378470" t="а"><v><l t="а" id="51"><g v="CONJ"></g></l></v><v><l t="а" id="52"><g v="INTJ"></g></l></v><v><l t="а" id="53"><g v="PRCL"></g></l></v></tfr></token><token text="также" id="884835"><tfr rev_id="4268313" t="также"><v><l t="также" id="342482"><g v="PRCL"></g></l></v></tfr></token><token text="в" id="884836"><tfr rev_id="2378472" t="в"><v><l t="в" id="37409"><g v="PREP"></g></l></v></tfr></token><token text="иных" id="884837"><tfr rev_id="4409947" t="иных"><v><l t="иной" id="122715"><g v="ADJF"></g><g v="Subx"></g><g v="Apro"></g><g v="plur"></g><g v="loct"></g></l></v></tfr></token><token text="случаях" id="884838"><tfr rev_id="2378474" t="случаях"><v><l t="случай" id="325472"><g v="NOUN"></g><g v="inan"></g><g v="masc"></g><g v="plur"></g><g v="loct"></g></l></v></tfr></token><token text="," id="884839"><tfr rev_id="2378475" t=","><v><l t="," id="0"><g v="PNCT"></g></l></v></tfr></token><token text="предусмотренных" id="884840"><tfr rev_id="2378476" t="предусмотренных"><v><l t="предусмотренный" id="267308"><g v="ADJF"></g><g v="plur"></g><g v="gent"></g></l></v><v><l t="предусмотренный" id="267308"><g v="ADJF"></g><g v="anim"></g><g v="plur"></g><g v="accs"></g></l></v><v><l t="предусмотренный" id="267308"><g v="ADJF"></g><g v="plur"></g><g v="loct"></g></l></v><v><l t="предусмотренный" id="267313"><g v="PRTF"></g><g v="perf"></g><g v="tran"></g><g v="past"></g><g v="pssv"></g><g v="plur"></g><g v="gent"></g></l></v><v><l t="предусмотренный" id="267313"><g v="PRTF"></g><g v="perf"></g><g v="tran"></g><g v="past"></g><g v="pssv"></g><g v="anim"></g><g v="plur"></g><g v="accs"></g></l></v><v><l t="предусмотренный" id="267313"><g v="PRTF"></g><g v="perf"></g><g v="tran"></g><g v="past"></g><g v="pssv"></g><g v="plur"></g><g v="loct"></g></l></v></tfr></token><token text="настоящим" id="884841"><tfr rev_id="4502647" t="настоящим"><v><l t="настоящий" id="176151"><g v="ADJF"></g><g v="masc"></g><g v="sing"></g><g v="ablt"></g></l></v><v><l t="настоящий" id="176151"><g v="ADJF"></g><g v="neut"></g><g v="sing"></g><g v="ablt"></g></l></v></tfr></token><token text="Кодексом" id="884842"><tfr rev_id="2378478" t="Кодексом"><v><l t="кодекс" id="135292"><g v="NOUN"></g><g v="inan"></g><g v="masc"></g><g v="sing"></g><g v="ablt"></g></l></v></tfr></token><token text="и" id="884843"><tfr rev_id="2378479" t="и"><v><l t="и" id="116949"><g v="CONJ"></g></l></v><v><l t="и" id="116950"><g v="INTJ"></g></l></v></tfr></token><token text="другими" id="884844"><tfr rev_id="3562772" t="другими"><v><l t="другой" id="92342"><g v="ADJF"></g><g v="Apro"></g><g v="Subx"></g><g v="plur"></g><g v="ablt"></g></l></v></tfr></token><token text="федеральными" id="884845"><tfr rev_id="2378481" t="федеральными"><v><l t="федеральный" id="364933"><g v="ADJF"></g><g v="plur"></g><g v="ablt"></g></l></v></tfr></token><token text="законами" id="884846"><tfr rev_id="2378482" t="законами"><v><l t="закон" id="103696"><g v="NOUN"></g><g v="inan"></g><g v="masc"></g><g v="plur"></g><g v="ablt"></g></l></v></tfr></token><token text="," id="884847"><tfr rev_id="2378483" t=","><v><l t="," id="0"><g v="PNCT"></g></l></v></tfr></token><token text="в" id="884848"><tfr rev_id="2378484" t="в"><v><l t="в" id="37409"><g v="PREP"></g></l></v></tfr></token><token text="целях" id="884849"><tfr rev_id="2378485" t="целях"><v><l t="цель" id="373216"><g v="NOUN"></g><g v="inan"></g><g v="femn"></g><g v="plur"></g><g v="loct"></g></l></v></tfr></token><token text="осуществления" id="884850"><tfr rev_id="3534644" t="осуществления"><v><l t="осуществление" id="211538"><g v="NOUN"></g><g v="inan"></g><g v="neut"></g><g v="sing"></g><g v="gent"></g></l></v></tfr></token><token text="возложенных" id="884851"><tfr rev_id="2378487" t="возложенных"><v><l t="возложенный" id="49363"><g v="PRTF"></g><g v="perf"></g><g v="tran"></g><g v="past"></g><g v="pssv"></g><g v="plur"></g><g v="gent"></g></l></v><v><l t="возложенный" id="49363"><g v="PRTF"></g><g v="perf"></g><g v="tran"></g><g v="past"></g><g v="pssv"></g><g v="anim"></g><g v="plur"></g><g v="accs"></g></l></v><v><l t="возложенный" id="49363"><g v="PRTF"></g><g v="perf"></g><g v="tran"></g><g v="past"></g><g v="pssv"></g><g v="plur"></g><g v="loct"></g></l></v></tfr></token><token text="на" id="884852"><tfr rev_id="3337638" t="на"><v><l t="на" id="166264"><g v="PREP"></g></l></v></tfr></token><token text="него" id="884853"><tfr rev_id="4528268" t="него"><v><l t="он" id="206541"><g v="NPRO"></g><g v="masc"></g><g v="3per"></g><g v="Anph"></g><g v="sing"></g><g v="accs"></g><g v="Af-p"></g></l></v><v><l t="оно" id="206649"><g v="NPRO"></g><g v="neut"></g><g v="3per"></g><g v="Anph"></g><g v="sing"></g><g v="accs"></g><g v="Af-p"></g></l></v></tfr></token><token text="полномочий" id="884854"><tfr rev_id="2378490" t="полномочий"><v><l t="полномочие" id="256121"><g v="NOUN"></g><g v="inan"></g><g v="neut"></g><g v="plur"></g><g v="gent"></g></l></v></tfr></token><token text="." id="884855"><tfr rev_id="2378491" t="."><v><l t="." id="0"><g v="PNCT"></g></l></v></tfr></token></tokens></sentence><sentence id="48742"><source>Неявка прокурора, извещенного о времени и месте рассмотрения дела, не является препятствием к разбирательству дела.</source><tokens><token text="Неявка" id="884856"><tfr rev_id="2378492" t="Неявка"><v><l t="неявка" id="190278"><g v="NOUN"></g><g v="inan"></g><g v="femn"></g><g v="sing"></g><g v="nomn"></g></l></v></tfr></token><token text="прокурора" id="884857"><tfr rev_id="4373102" t="прокурора"><v><l t="прокурор" id="281274"><g v="NOUN"></g><g v="anim"></g><g v="masc"></g><g v="sing"></g><g v="gent"></g></l></v></tfr></token><token text="," id="884858"><tfr rev_id="2378494" t=","><v><l t="," id="0"><g v="PNCT"></g></l></v></tfr></token><token text="извещенного" id="884859"><tfr rev_id="4354746" t="извещенного"><v><l t="извещённый" id="118113"><g v="PRTF"></g><g v="perf"></g><g v="tran"></g><g v="past"></g><g v="pssv"></g><g v="masc"></g><g v="sing"></g><g v="gent"></g></l></v><v><l t="извещённый" id="118113"><g v="PRTF"></g><g v="perf"></g><g v="tran"></g><g v="past"></g><g v="pssv"></g><g v="anim"></g><g v="masc"></g><g v="sing"></g><g v="accs"></g></l></v></tfr></token><token text="о" id="884860"><tfr rev_id="3282917" t="о"><v><l t="о" id="192977"><g v="PREP"></g></l></v></tfr></token><token text="времени" id="884861"><tfr rev_id="3553787" t="времени"><v><l t="время" id="53149"><g v="NOUN"></g><g v="inan"></g><g v="neut"></g><g v="sing"></g><g v="loct"></g></l></v></tfr></token><token text="и" id="884862"><tfr rev_id="2378498" t="и"><v><l t="и" id="116949"><g v="CONJ"></g></l></v><v><l t="и" id="116950"><g v="INTJ"></g></l></v></tfr></token><token text="месте" id="884863"><tfr rev_id="2378499" t="месте"><v><l t="место" id="158822"><g v="NOUN"></g><g v="inan"></g><g v="neut"></g><g v="sing"></g><g v="loct"></g></l></v></tfr></token><token text="рассмотрения" id="884864"><tfr rev_id="3533411" t="рассмотрения"><v><l t="рассмотрение" id="301146"><g v="NOUN"></g><g v="inan"></g><g v="neut"></g><g v="sing"></g><g v="gent"></g></l></v></tfr></token><token text="дела" id="884865"><tfr rev_id="3692336" t="дела"><v><l t="дело" id="80628"><g v="NOUN"></g><g v="inan"></g><g v="neut"></g><g v="sing"></g><g v="gent"></g></l></v></tfr></token><token text="," id="884866"><tfr rev_id="2378502" t=","><v><l t="," id="0"><g v="PNCT"></g></l></v></tfr></token><token text="не" id="884867"><tfr rev_id="2378503" t="не"><v><l t="не" id="178876"><g v="PRCL"></g></l></v></tfr></token><token text="является" id="884868"><tfr rev_id="2378504" t="является"><v><l t="являюсь" id="387385"><g v="VERB"></g><g v="impf"></g><g v="intr"></g><g v="sing"></g><g v="3per"></g><g v="pres"></g><g v="indc"></g></l></v></tfr></token><token text="препятствием" id="884869"><tfr rev_id="2378505" t="препятствием"><v><l t="препятствие" id="268079"><g v="NOUN"></g><g v="inan"></g><g v="neut"></g><g v="sing"></g><g v="ablt"></g></l></v></tfr></token><token text="к" id="884870"><tfr rev_id="2378506" t="к"><v><l t="к" id="127460"><g v="PREP"></g></l></v></tfr></token><token text="разбирательству" id="884871"><tfr rev_id="2378507" t="разбирательству"><v><l t="разбирательство" id="291710"><g v="NOUN"></g><g v="inan"></g><g v="neut"></g><g v="sing"></g><g v="datv"></g></l></v></tfr></token><token text="дела" id="884872"><tfr rev_id="3679751" t="дела"><v><l t="дело" id="80628"><g v="NOUN"></g><g v="inan"></g><g v="neut"></g><g v="sing"></g><g v="gent"></g></l></v></tfr></token><token text="." id="884873"><tfr rev_id="2378509" t="."><v><l t="." id="0"><g v="PNCT"></g></l></v></tfr></token></tokens></sentence></paragraph></paragraphs></text>